"Timestamp","Din TBF","Jordnötens nummer","Betygsätt totalupplevelsen","Salt","Knaprig","Rostad","Flottig","Kommentar"
"2016-09-24 18:04:32 +0200","MMX","17","3","3","5","2","2","Färsk"
"2016-09-24 18:05:26 +0200","MMX","11","5","6","2","4","4",""
"2016-09-24 18:06:22 +0200","MMX","7","3","1","1","1","1",""
"2016-09-24 18:06:53 +0200","MMX","4","1","1","1","1","1",""
"2016-09-24 18:06:56 +0200","NPV","18","3","5","5","4","6","Lite besk på nåt sätt, men det kan vara ölen som gör det!"
"2016-09-24 18:06:57 +0200","PTP","18","3","6","6","4","3",""
"2016-09-24 18:07:11 +0200","GIS","17","4","5","5","3","5",""
"2016-09-24 18:07:24 +0200","DDR","17","4","6","3","1","7",""
"2016-09-24 18:07:52 +0200","MMX","3","3","4","5","1","1",""
"2016-09-24 18:07:56 +0200","GIS","17","5","4","5","3","5","Ok"
"2016-09-24 18:08:16 +0200","DDR","18","5","5","4","1","5","Ärtig "
"2016-09-24 18:08:24 +0200","PTP","17","4","6","4","4","4",""
"2016-09-24 18:08:29 +0200","MMX","6","4","1","7","1","1",""
"2016-09-24 18:08:34 +0200","NPV","10","6","3","5","5","2","God! Ovanlig."
"2016-09-24 18:08:40 +0200","HVB","3","6","4","6","1","6",""
"2016-09-24 18:09:25 +0200","HVB","17","6","6","6","2","5",""
"2016-09-24 18:09:46 +0200","MMX","13","4","4","6","4","5",""
"2016-09-24 18:09:51 +0200","PTP","16","6","5","5","3","4",""
"2016-09-24 18:10:07 +0200","DDR","10","3","4","6","6","3",""
"2016-09-24 18:10:35 +0200","NPV","15","3","2","5","2","1","Lite tråkig och torr."
"2016-09-24 18:10:49 +0200","MMX","14","7","6","6","6","4",""
"2016-09-24 18:12:02 +0200","NPV","20","5","6","6","6","5","Klassisk, god! No bullshit jordnöt."
"2016-09-24 18:12:28 +0200","PTP","15","6","3","4","3","2","GOTT!"
"2016-09-24 18:12:38 +0200","MMX","12","6","2","6","6","4",""
"2016-09-24 18:13:16 +0200","FTV","1","3","1","5","3","1",""
"2016-09-24 18:13:31 +0200","NPV","9","1","2","2","1","1","Tråkig"
"2016-09-24 18:13:36 +0200","MMX","9","2","1","2","3","1","Torr..."
"2016-09-24 18:13:36 +0200","GIS","19","3","4","3","3","5","Lite mjuk"
"2016-09-24 18:14:18 +0200","MMX","5","4","3","3","3","7",""
"2016-09-24 18:14:30 +0200","PTP","14","2","4","4","4","4","Burr!"
"2016-09-24 18:14:34 +0200","HVB","2","6","4","6","2","4",""
"2016-09-24 18:15:03 +0200","MMX","16","6","3","2","3","7",""
"2016-09-24 18:15:06 +0200","GIS","13","3","3","4","4","5","Smakade inte så mycket"
"2016-09-24 18:15:08 +0200","FTV","3","5","3","5","6","4",""
"2016-09-24 18:15:28 +0200","DDR","11","5","5","6","5","4",""
"2016-09-24 18:15:45 +0200","MMX","20","4","5","6","5","7",""
"2016-09-24 18:16:07 +0200","LED","4","3","1","4","3","3","Mild, matig, god"
"2016-09-24 18:16:17 +0200","PTP","13","3","4","3","3","3","Jolmigt"
"2016-09-24 18:16:19 +0200","ARN","10","6","5","3","5","5",""
"2016-09-24 18:16:33 +0200","MMX","15","1","3","6","7","4",""
"2016-09-24 18:17:23 +0200","GIS","4","2","2","4","3","4","Smakade inget"
"2016-09-24 18:17:40 +0200","LED","13","4","4","4","5","4","Mellan, lagom"
"2016-09-24 18:17:55 +0200","OSV","1","4","1","2","1","1",""
"2016-09-24 18:18:00 +0200","NPV","5","4","5","6","6","3","O_o"
"2016-09-24 18:18:03 +0200","MMX","1","2","5","5","6","1",""
"2016-09-24 18:18:36 +0200","DDR","15","5","4","6","6","3",""
"2016-09-24 18:18:38 +0200","PTP","12","4","3","7","5","3","Skum"
"2016-09-24 18:19:05 +0200","LED","14","4","3","6","6","3","Lätt, besk eftersmak"
"2016-09-24 18:19:15 +0200","NPV","16","5","5","5","6","5","Jorå"
"2016-09-24 18:19:37 +0200","GIS","12","5","3","6","6","2","God, ville ha saltare"
"2016-09-24 18:20:09 +0200","HVB","1","6","1","6","1","3",""
"2016-09-24 18:20:18 +0200","NPV","12","6","4","6","7","4","Favorit hittills"
"2016-09-24 18:20:22 +0200","PTP","11","4","7","5","4","6","Krogen"
"2016-09-24 18:21:03 +0200","OSV","2","5","5","5","5","4",""
"2016-09-24 18:21:13 +0200","MMX","10","2","7","1","7","7",""
"2016-09-24 18:21:18 +0200","LED","1","5","1","5","4","1","Själva skaldandet ger klart plus till jodnötsätarupplevelsen"
"2016-09-24 18:21:21 +0200","NPV","14","2","3","6","7","3","För rostad"
"2016-09-24 18:21:42 +0200","FTV","2","5","6","6","6","4","God men lite för salt."
"2016-09-24 18:22:03 +0200","MMX","3","2","1","7","4","6",""
"2016-09-24 18:22:13 +0200","GIS","1","4","1","4","2","3",""
"2016-09-24 18:22:20 +0200","OSV","3","6","5","5","6","6",""
"2016-09-24 18:22:23 +0200","LED","9","2","3","3","4","4","Mäh"
"2016-09-24 18:22:28 +0200","NPV","13","5","4","4","4","4","Medelmåttig jordnöt, perfekt i landet lagom"
"2016-09-24 18:22:55 +0200","MMX","2","3","4","3","5","6",""
"2016-09-24 18:23:06 +0200","FTV","5","3","3","5","5","2","Lite härsken smak."
"2016-09-24 18:23:21 +0200","NPV","4","2","2","3","3","2","För tam!"
"2016-09-24 18:23:39 +0200","LED","20","5","5","5","5","6","Flottig och rund smak. Lagom salt"
"2016-09-24 18:23:55 +0200","KTB","9","3","2","4","3","5",""
"2016-09-24 18:24:16 +0200","MMX","8","7","4","5","5","5","Vinäger, hurra!"
"2016-09-24 18:24:35 +0200","JPY","1","3","1","4","1","1","Försiktig smak. Kräver sitt rätta sammanhang."
"2016-09-24 18:24:42 +0200","PTP","10","5","5","6","2","1","Vass"
"2016-09-24 18:24:43 +0200","NPV","1","5","1","3","1","1","Får plus för rolig förpackning"
"2016-09-24 18:24:45 +0200","LED","15","5","4","5","5","3",""
"2016-09-24 18:24:50 +0200","OSV","4","5","1","3","1","1",""
"2016-09-24 18:25:13 +0200","ATG","7","2","2","3","2","2",""
"2016-09-24 18:25:29 +0200","ARN","15","3","3","5","5","5",""
"2016-09-24 18:25:48 +0200","HVB","4","7","1","5","1","4",""
"2016-09-24 18:25:50 +0200","MMX","5","4","3","2","4","2",""
"2016-09-24 18:26:24 +0200","DDR","1","5","2","4","1","1","Den med skal "
"2016-09-24 18:26:34 +0200","ARN","20","3","4","3","5","5",""
"2016-09-24 18:26:52 +0200","MMX","16","3","1","2","4","5",""
"2016-09-24 18:26:58 +0200","ATG","19","6","6","5","5","4",""
"2016-09-24 18:27:00 +0200","DDR","2","5","3","3","3","2",""
"2016-09-24 18:27:14 +0200","ARN","12","6","5","6","6","4",""
"2016-09-24 18:27:19 +0200","GIS","13","2","3","4","3","4","Inte så god"
"2016-09-24 18:28:01 +0200","ARN","13","6","4","4","4","4",""
"2016-09-24 18:28:16 +0200","JPY","18","5","6","3","5","6",""
"2016-09-24 18:28:39 +0200","ARN","4","5","3","4","3","5",""
"2016-09-24 18:29:03 +0200","GIS","15","3","3","5","6","3","Bra konsistens, smakade inte så mycket."
"2016-09-24 18:29:18 +0200","ATG","11","3","6","4","2","2",""
"2016-09-24 18:29:38 +0200","NPV","3","4","4","3","3","3","Tråkig"
"2016-09-24 18:29:43 +0200","ARN","6","3","2","3","3","5",""
"2016-09-24 18:29:59 +0200","GIS","20","4","3","4","3","6","Ok"
"2016-09-24 18:30:00 +0200","OSV","10","5","5","5","5","4",""
"2016-09-24 18:30:20 +0200","JPY","6","5","1","5","2","2",""
"2016-09-24 18:30:22 +0200","ATG","17","7","5","7","6","5",""
"2016-09-24 18:30:29 +0200","DDR","3","7","5","5","4","2","Bäst hittills "
"2016-09-24 18:30:32 +0200","ARN","18","5","5","6","4","5",""
"2016-09-24 18:31:04 +0200","FTV","6","6","1","6","6","1","Mycket god"
"2016-09-24 18:31:23 +0200","HVB","5","7","4","6","3","4",""
"2016-09-24 18:31:37 +0200","NPV","2","5","4","6","6","6","Mycket karaktär"
"2016-09-24 18:31:37 +0200","OSV","8","3","6","4","5","7",""
"2016-09-24 18:32:29 +0200","JPY","4","6","2","5","3","2","Känsla av annan olja - positivt"
"2016-09-24 18:32:44 +0200","NPV","8","6","5","6","3","7","Spännande!"
"2016-09-24 18:33:09 +0200","OSV","5","3","5","3","4","5",""
"2016-09-24 18:33:29 +0200","ATG","15","4","2","6","5","1",""
"2016-09-24 18:33:45 +0200","HVB","6","7","1","7","3","3",""
"2016-09-24 18:34:16 +0200","NPV","5","2","3","3","1","5","Näh"
"2016-09-24 18:34:27 +0200","LED","6","4","2","5","4","5","Bra krisp, nästan lite söt i smaken"
"2016-09-24 18:34:52 +0200","JPY","13","7","3","6","5","5","Bra skit!"
"2016-09-24 18:34:55 +0200","GIS","18","5","6","4","3","5","God"
"2016-09-24 18:35:01 +0200","ATG","20","4","3","7","6","6",""
"2016-09-24 18:35:02 +0200","DDR","5","3","5","4","3","3",""
"2016-09-24 18:35:32 +0200","HVB","18","6","6","5","2","4",""
"2016-09-24 18:35:34 +0200","OSV","16","3","5","6","4","3",""
"2016-09-24 18:35:54 +0200","DDR","6","4","4","3","4","2",""
"2016-09-24 18:36:13 +0200","FTV","4","4","2","5","5","3","God men lite för lite smak."
"2016-09-24 18:36:23 +0200","LED","18","7","6","6","5","4","Booooom! Lite väl salt men ojojoj en sådan nöt!"
"2016-09-24 18:36:27 +0200","GIS","6","3","2","4","3","5","För lite salt"
"2016-09-24 18:36:37 +0200","PSI","7","5","3","4","5","2",""
"2016-09-24 18:36:59 +0200","FTV","9","4","2","4","5","2",""
"2016-09-24 18:37:32 +0200","DDR","8","6","4","3","2","5","Vinäger! "
"2016-09-24 18:37:35 +0200","ATG","9","5","2","3","2","5",""
"2016-09-24 18:37:51 +0200","FTV","13","6","4","5","6","3",""
"2016-09-24 18:37:58 +0200","GIS","9","3","2","3","2","4","Menlös"
"2016-09-24 18:38:59 +0200","PSI","19","5","6","6","6","6",""
"2016-09-24 18:39:07 +0200","HVB","15","7","2","5","4","4",""
"2016-09-24 18:39:26 +0200","LED","7","4","3","3","4","4","Mäh..."
"2016-09-24 18:39:28 +0200","KTB","1","5","3","4","2","5","Fin"
"2016-09-24 18:39:48 +0200","DDR","7","2","2","4","2","3","Neutral "
"2016-09-24 18:39:51 +0200","HVB","20","7","3","6","6","5",""
"2016-09-24 18:40:07 +0200","NPV","7","1","1","1","1","3","Trist trist"
"2016-09-24 18:40:14 +0200","IFK","1","3","1","4","1","1",""
"2016-09-24 18:40:21 +0200","JPY","14","7","4","6","6","2","Fräsch, bra nöt. En vinnare!"
"2016-09-24 18:40:30 +0200","GIS","12","6","5","6","6","2","Mums"
"2016-09-24 18:40:30 +0200","HVB","9","6","3","5","6","5",""
"2016-09-24 18:40:42 +0200","LED","19","5","6","5","4","4",""
"2016-09-24 18:41:02 +0200","KTB","15","4","3","6","4","3","Snäll"
"2016-09-24 18:41:18 +0200","FTV","12","3","5","6","6","3","Konstig"
"2016-09-24 18:41:21 +0200","NPV","19","3","4","5","6","7","Helt ok!"
"2016-09-24 18:41:25 +0200","HVB","12","7","2","5","7","3",""
"2016-09-24 18:41:52 +0200","KTB","20","6","5","5","4","5","Knaprig"
"2016-09-24 18:41:54 +0200","GIS","14","5","4","5","6","3","God"
"2016-09-24 18:42:26 +0200","FTV","14","2","5","6","6","2","För mycket krydda!"
"2016-09-24 18:42:29 +0200","LED","11","6","5","5","4","4","Crisp!"
"2016-09-24 18:42:37 +0200","KTB","9","6","5","4","6","5","Rostad"
"2016-09-24 18:42:49 +0200","HVB","10","7","6","5","7","4",""
"2016-09-24 18:43:20 +0200","IFK","4","4","1","4","4","2",""
"2016-09-24 18:43:25 +0200","HVB","2","6","6","5","6","5",""
"2016-09-24 18:43:27 +0200","PTP","8","2","4","3","2","5","Vinäger."
"2016-09-24 18:43:55 +0200","KTB","10","3","6","5","3","4","Umami"
"2016-09-24 18:43:55 +0200","LED","17","6","6","5","5","4",""
"2016-09-24 18:44:08 +0200","GIS","10","2","4","5","5","3","Bismak"
"2016-09-24 18:44:37 +0200","HVB","8","5","3","5","3","7",""
"2016-09-24 18:44:44 +0200","KTB","3","4","5","6","4","6","Mild"
"2016-09-24 18:44:58 +0200","OSV","13","4","6","4","4","3",""
"2016-09-24 18:45:06 +0200","LED","10","2","4","5","4","5","Mjölig eftersmak"
"2016-09-24 18:45:08 +0200","IFK","6","3","1","4","6","1",""
"2016-09-24 18:45:17 +0200","GIS","3","5","4","3","4","5","Ok"
"2016-09-24 18:45:21 +0200","HVB","16","5","6","5","3","5",""
"2016-09-24 18:45:53 +0200","KTB","2","5","6","5","5","5","Mellannöten"
"2016-09-24 18:46:07 +0200","LED","3","6","4","5","4","4",""
"2016-09-24 18:46:14 +0200","HVB","19","6","7","5","3","5",""
"2016-09-24 18:46:22 +0200","PSI","1","1","1","6","1","1","Smakar råa torkade ärtor."
"2016-09-24 18:46:32 +0200","IFK","18","5","4","5","5","4",""
"2016-09-24 18:46:34 +0200","PTP","9","5","1","3","6","1","Solrosfrö"
"2016-09-24 18:46:48 +0200","GIS","8","5","4","5","5","4","Ok"
"2016-09-24 18:47:11 +0200","NPV","6","5","3","6","6","5",""
"2016-09-24 18:47:13 +0200","KTB","8","7","6","4","4","5","Syrlig"
"2016-09-24 18:47:25 +0200","OSV","14","2","5","7","6","2",""
"2016-09-24 18:47:35 +0200","LED","2","7","4","5","4","4","En nöt för alla tillfällen!"
"2016-09-24 18:48:09 +0200","IFK","17","6","4","5","6","4",""
"2016-09-24 18:48:23 +0200","GIS","5","3","3","4","3","5","Blek"
"2016-09-24 18:48:30 +0200","PTP","7","3","1","3","3","1","Snäll "
"2016-09-24 18:48:41 +0200","NDF","20","4","4","5","5","5",""
"2016-09-24 18:48:46 +0200","OSV","12","5","3","7","5","2",""
"2016-09-24 18:49:17 +0200","JPY","12","6","4","7","5","1",""
"2016-09-24 18:49:22 +0200","DDR","12","7","5","7","6","3",""
"2016-09-24 18:49:52 +0200","LED","8","6","4","5","4","6","Sötsyrlig wierdness"
"2016-09-24 18:49:52 +0200","GIS","16","5","6","5","4","5","God"
"2016-09-24 18:49:56 +0200","NDF","15","5","5","3","4","1",""
"2016-09-24 18:50:11 +0200","WWW","20","5","2","6","4","3","Speciell "
"2016-09-24 18:50:13 +0200","DDR","13","4","3","4","4","4",""
"2016-09-24 18:50:23 +0200","ATG","12","5","2","7","7","1",""
"2016-09-24 18:50:38 +0200","NDF","9","1","1","2","2","1",""
"2016-09-24 18:50:46 +0200","IFK","3","5","5","6","7","4",""
"2016-09-24 18:51:39 +0200","KTB","5","4","6","6","4","6","Opersonlig men bra knaper"
"2016-09-24 18:51:58 +0200","LED","16","5","6","5","5","4",""
"2016-09-24 18:51:58 +0200","NDF","12","6","5","4","4","2",""
"2016-09-24 18:52:23 +0200","ATG","14","6","4","7","7","2",""
"2016-09-24 18:52:31 +0200","WWW","15","4","2","3","5","3",""
"2016-09-24 18:52:49 +0200","PSI","2","6","5","6","6","6",""
"2016-09-24 18:52:56 +0200","IFK","2","5","3","7","5","4",""
"2016-09-24 18:53:12 +0200","JPY","9","4","2","3","3","2",""
"2016-09-24 18:53:18 +0200","NDF","14","4","3","3","4","2",""
"2016-09-24 18:53:20 +0200","LED","5","5","4","6","5","4",""
"2016-09-24 18:53:22 +0200","KTB","16","5","6","5","5","5","Trevlig"
"2016-09-24 18:53:42 +0200","PTP","6","1","1","2","3","2","Njä"
"2016-09-24 18:54:02 +0200","ATG","13","2","4","5","5","5",""
"2016-09-24 18:54:02 +0200","NDF","13","4","5","4","5","5",""
"2016-09-24 18:54:44 +0200","PSI","3","3","4","6","7","6",""
"2016-09-24 18:54:49 +0200","WWW","9","6","3","4","7","3",""
"2016-09-24 18:54:53 +0200","IFK","8","7","4","5","4","5","Gott med vinäger!"
"2016-09-24 18:54:53 +0200","GIS","7","3","2","4","3","4","Smakar lite"
"2016-09-24 18:54:59 +0200","NDF","4","2","1","3","2","2",""
"2016-09-24 18:55:08 +0200","JPY","20","5","3","5","4","2","Växtig smak."
"2016-09-24 18:55:13 +0200","DDR","14","7","5","6","6","4",""
"2016-09-24 18:55:44 +0200","DDR","15","5","5","5","5","4",""
"2016-09-24 18:55:55 +0200","PTP","5","4","3","4","4","6","En vanlig jävla jordnöt"
"2016-09-24 18:55:56 +0200","ATG","4","1","2","2","2","3",""
"2016-09-24 18:55:59 +0200","GIS","19","5","4","5","5","4","Ok"
"2016-09-24 18:56:03 +0200","PSI","4","2","1","4","4","2",""
"2016-09-24 18:56:11 +0200","KTB","17","6","5","4","4","7","Smör!"
"2016-09-24 18:57:33 +0200","IFK","16","4","3","5","6","5",""
"2016-09-24 18:58:10 +0200","JPY","15","3","2","7","2","1","Trist bismak. Lite seg."
"2016-09-24 18:59:39 +0200","GIS","11","6","6","5","4","5","God"
"2016-09-24 19:00:25 +0200","KTB","11","6","6","5","3","6","Mycket jord"
"2016-09-24 19:00:36 +0200","IFK","5","3","3","4","4","3","Smakar lite härsket eller frö."
"2016-09-24 19:00:48 +0200","NDF","1","6","5","5","1","1",""
"2016-09-24 19:01:00 +0200","GIS","17","6","6","5","5","6","God"
"2016-09-24 19:01:10 +0200","PTP","4","3","2","4","6","4",""
"2016-09-24 19:01:13 +0200","PSI","5","3","3","5","6","2","Lätt unken ton. Jordkällartömning. "
"2016-09-24 19:01:40 +0200","JPY","11","2","6","2","4","6","Mjölig"
"2016-09-24 19:01:47 +0200","WWW","12","4","4","4","7","3",""
"2016-09-24 19:02:03 +0200","IFK","10","3","4","6","2","3",""
"2016-09-24 19:02:09 +0200","KTB","7","3","3","4","2","3","Osalt"
"2016-09-24 19:02:11 +0200","NDF","18","5","5","3","5","5",""
"2016-09-24 19:02:24 +0200","ATG","1","5","1","7","1","1",""
"2016-09-24 19:02:45 +0200","PTP","3","5","5","4","5","5","Brödigt"
"2016-09-24 19:03:02 +0200","KTB","19","5","6","6","4","6","God"
"2016-09-24 19:03:02 +0200","NDF","6","2","2","2","4","4",""
"2016-09-24 19:03:26 +0200","ARN","19","6","6","5","4","5",""
"2016-09-24 19:03:52 +0200","IFK","11","5","3","6","6","5",""
"2016-09-24 19:03:58 +0200","ARN","7","4","3","4","3","5",""
"2016-09-24 19:03:58 +0200","GIS","2","5","5","5","4","5","God"
"2016-09-24 19:04:02 +0200","PTP","2","2","6","3","5","3",""
"2016-09-24 19:04:06 +0200","PSI","6","4","1","6","5","2",""
"2016-09-24 19:04:21 +0200","DDR","16","5","7","5","4","5",""
"2016-09-24 19:04:53 +0200","DDR","17","5","6","4","3","5",""
"2016-09-24 19:05:31 +0200","WWW","14","6","4","6","7","3",""
"2016-09-24 19:05:36 +0200","JPY","17","6","6","6","5","5",""
"2016-09-24 19:05:58 +0200","FTV","20","3","4","6","6","4","Konstig bismak"
"2016-09-24 19:06:01 +0200","PTP","1","4","1","6","2","1","Ärtigt"
"2016-09-24 19:06:43 +0200","PSI","8","1","3","5","4","6","Aggressiv."
"2016-09-24 19:07:16 +0200","WWW","13","3","4","4","3","5",""
"2016-09-24 19:07:22 +0200","PTP","20","3","4","4","3","6","Brunbeige"
"2016-09-24 19:07:44 +0200","PSI","9","3","1","4","6","2",""
"2016-09-24 19:08:08 +0200","NDF","7","2","3","3","3","2",""
"2016-09-24 19:08:38 +0200","JPY","8","5","5","4","3","3","Oj! Vinäger? Gott?"
"2016-09-24 19:08:50 +0200","NDF","19","5","5","4","5","5",""
"2016-09-24 19:09:19 +0200","PTP","19","3","6","4","5","4","Kvalmigt"
"2016-09-24 19:09:31 +0200","FTV","15","4","5","6","3","1",""
"2016-09-24 19:10:01 +0200","WWW","4","2","3","3","3","3",""
"2016-09-24 19:10:58 +0200","JPY","2","7","7","4","6","3","Mycket rik smak. Bra grejer!"
"2016-09-24 19:12:21 +0200","JPY","3","4","4","5","4","3",""
"2016-09-24 19:12:56 +0200","WWW","1","6","5","6","5","2",""
"2016-09-24 19:13:24 +0200","DAG","2","6","4","5","5","3",""
"2016-09-24 19:13:54 +0200","KTB","18","6","5","6","4","7","FRUKTIG!"
"2016-09-24 19:13:56 +0200","DAG","3","4","4","4","3","4",""
"2016-09-24 19:14:20 +0200","FTV","10","3","6","3","3","1","Inte god"
"2016-09-24 19:14:31 +0200","DAG","6","2","1","5","5","1",""
"2016-09-24 19:14:39 +0200","KTB","6","5","3","5","2","5","Mild mjuk"
"2016-09-24 19:14:47 +0200","PSI","10","1","5","2","3","4",""
"2016-09-24 19:15:01 +0200","IFK","7","2","3","5","2","1",""
"2016-09-24 19:15:16 +0200","DAG","7","2","2","5","5","2",""
"2016-09-24 19:15:21 +0200","FTV","3","7","5","6","6","4","Mycket god"
"2016-09-24 19:15:36 +0200","JPY","5","3","6","3","2","4","Bismak. Inte så bra."
"2016-09-24 19:15:58 +0200","DAG","8","5","3","5","5","3",""
"2016-09-24 19:16:00 +0200","SAS","1","4","1","2","1","1",""
"2016-09-24 19:16:02 +0200","PSI","11","5","5","4","4","6",""
"2016-09-24 19:16:23 +0200","WWW","18","5","5","6","5","5",""
"2016-09-24 19:16:27 +0200","ATG","6","3","2","5","2","5",""
"2016-09-24 19:16:37 +0200","DAG","10","7","5","4","5","3",""
"2016-09-24 19:16:42 +0200","FTV","8","7","5","5","5","6","Gott!"
"2016-09-24 19:16:55 +0200","OSV","15","2","4","5","5","2",""
"2016-09-24 19:17:19 +0200","DAG","6","6","5","5","5","6",""
"2016-09-24 19:17:25 +0200","IFK","19","3","2","5","3","1",""
"2016-09-24 19:17:29 +0200","WWW","6","2","2","4","2","3",""
"2016-09-24 19:17:35 +0200","PSI","12","3","2","6","4","3",""
"2016-09-24 19:17:35 +0200","JPY","16","6","7","5","6","4",""
"2016-09-24 19:17:39 +0200","ATG","18","6","7","4","4","5",""
"2016-09-24 19:17:46 +0200","SAS","4","5","2","2","3","3",""
"2016-09-24 19:17:46 +0200","DDR","20","4","5","3","2","5",""
"2016-09-24 19:18:00 +0200","ARN","2","4","4","3","5","5",""
"2016-09-24 19:18:08 +0200","DAG","17","6","6","4","6","6",""
"2016-09-24 19:18:25 +0200","OSV","20","6","6","6","5","6",""
"2016-09-24 19:18:46 +0200","DAG","18","4","6","4","5","6",""
"2016-09-24 19:19:03 +0200","ARN","8","6","5","5","3","4",""
"2016-09-24 19:19:04 +0200","PSI","13","4","3","4","5","5",""
"2016-09-24 19:19:29 +0200","DAG","19","4","5","6","5","4",""
"2016-09-24 19:20:41 +0200","JPY","10","3","7","6","6","2","För salt. En åtta där. Ej så fyllig jordnötighet heller. Till öl acceptabel."
"2016-09-24 19:20:50 +0200","PSI","14","3","2","6","6","2",""
"2016-09-24 19:21:04 +0200","IFK","14","6","4","5","5","2",""
"2016-09-24 19:21:34 +0200","FTV","16","6","6","4","5","4",""
"2016-09-24 19:21:37 +0200","NDF","17","5","5","3","5","5",""
"2016-09-24 19:21:51 +0200","WWW","17","5","6","5","5","5",""
"2016-09-24 19:21:55 +0200","DAG","1","2","1","7","1","1",""
"2016-09-24 19:22:17 +0200","SAS","13","6","3","4","4","3",""
"2016-09-24 19:22:20 +0200","PSI","15","3","2","3","5","2",""
"2016-09-24 19:22:22 +0200","NDF","11","3","3","4","5","3",""
"2016-09-24 19:22:27 +0200","IFK","12","5","3","5","5","2",""
"2016-09-24 19:22:29 +0200","WWW","11","5","4","3","6","4",""
"2016-09-24 19:22:35 +0200","DAG","13","2","2","5","4","2",""
"2016-09-24 19:23:33 +0200","SCB","15","1","1","4","3","2",""
"2016-09-24 19:23:33 +0200","DAG","15","1","1","5","3","2",""
"2016-09-24 19:23:45 +0200","IFK","15","2","2","4","2","1",""
"2016-09-24 19:24:24 +0200","DAG","20","2","3","2","4","4",""
"2016-09-24 19:24:51 +0200","WWW","7","2","3","3","3","3",""
"2016-09-24 19:25:01 +0200","DAG","9","2","1","5","5","2",""
"2016-09-24 19:25:26 +0200","JPY","7","4","1","3","3","2","Njae. Bra till matlagning."
"2016-09-24 19:25:44 +0200","WWW","19","4","4","3","3","5",""
"2016-09-24 19:26:00 +0200","DAG","14","5","3","5","4","4",""
"2016-09-24 19:26:23 +0200","IFK","20","3","2","4","3","4","Smakar banan?"
"2016-09-24 19:26:39 +0200","PSI","16","5","5","4","5","6",""
"2016-09-24 19:27:16 +0200","JPY","19","7","6","5","5","5","Fin. Fyllig. Ren bra eftersmak."
"2016-09-24 19:27:29 +0200","NDF","8","1","4","4","4","5","Syr"
"2016-09-24 19:27:50 +0200","WWW","10","3","5","4","5","3","Jättekonstiga!"
"2016-09-24 19:28:19 +0200","NDF","2","3","2","3","3","2",""
"2016-09-24 19:28:21 +0200","IFK","9","4","2","5","5","3",""
"2016-09-24 19:28:30 +0200","PSI","17","6","5","6","5","5",""
"2016-09-24 19:29:08 +0200","WWW","3","4","5","4","5","3",""
"2016-09-24 19:29:17 +0200","NDF","3","4","4","4","3","3",""
"2016-09-24 19:29:28 +0200","DAG","5","4","3","4","5","3",""
"2016-09-24 19:29:46 +0200","PSI","18","4","4","4","6","6",""
"2016-09-24 19:29:51 +0200","SAS","20","4","3","5","5","7",""
"2016-09-24 19:29:58 +0200","IFK","13","5","2","5","6","3",""
"2016-09-24 19:30:13 +0200","NDF","10","5","5","5","6","4",""
"2016-09-24 19:30:13 +0200","DAG","16","6","6","5","5","4",""
"2016-09-24 19:30:15 +0200","WWW","2","4","3","5","4","3",""
"2016-09-24 19:31:09 +0200","NDF","5","3","3","4","5","4",""
"2016-09-24 19:31:18 +0200","WWW","8","4","4","4","4","4",""
"2016-09-24 19:31:37 +0200","FTV","7","4","4","5","5","4","Tråkig men ok "
"2016-09-24 19:31:53 +0200","IFK","11","5","5","4","3","5",""
"2016-09-24 19:32:05 +0200","NDF","16","3","3","5","4","4",""
"2016-09-24 19:32:06 +0200","PSI","20","2","3","6","5","7","Verkar ha friterats tillsammans med pommes frites. "
"2016-09-24 19:32:13 +0200","SAS","9","4","2","4","5","5",""
"2016-09-24 19:32:39 +0200","WWW","5","2","3","1","3","3","Äcklig "
"2016-09-24 19:32:50 +0200","ROT","19","6","5","5","6","3",""
"2016-09-24 19:33:30 +0200","WWW","16","5","5","6","4","4",""
"2016-09-24 19:34:34 +0200","SAS","12","2","3","7","5","4",""
"2016-09-24 19:39:08 +0200","OSV","9","2","1","4","4","3",""
"2016-09-24 19:40:16 +0200","SAS","14","4","2","6","6","5",""
"2016-09-24 19:40:48 +0200","OSV","15","5","3","6","5","3",""
"2016-09-24 19:41:54 +0200","ATG","10","2","7","5","6","3",""
"2016-09-24 19:43:03 +0200","ATG","3","6","4","6","6","4",""
"2016-09-24 19:44:12 +0200","ATG","2","5","5","6","5","5",""
"2016-09-24 19:45:13 +0200","ATG","8","5","6","5","2","5",""
"2016-09-24 19:46:40 +0200","ATG","5","2","4","3","6","5",""
"2016-09-24 19:48:05 +0200","ATG","16","6","6","5","5","6",""
"2016-09-24 19:49:35 +0200","ARN","16","5","5","6","5","4",""
"2016-09-24 19:50:05 +0200","ARN","5","4","4","4","4","4",""
"2016-09-24 19:50:52 +0200","ARN","17","6","5","5","5","5",""
"2016-09-24 19:51:18 +0200","ARN","11","5","4","5","5","5",""
"2016-09-24 19:55:12 +0200","SAS","19","7","5","7","6","5",""
"2016-09-24 19:56:12 +0200","SCB","7","4","3","4","3","3",""
"2016-09-24 20:10:59 +0200","FTV","11","5","7","5","6","3",""
"2016-09-24 20:11:10 +0200","SAS","11","5","4","6","4","5",""
"2016-09-24 20:11:58 +0200","SAS","17","4","7","5","4","7",""
"2016-09-24 20:12:01 +0200","FTV","17","6","5","6","5","6",""
"2016-09-24 20:12:52 +0200","SAS","10","1","6","2","4","6",""
"2016-09-24 20:13:35 +0200","SAS","8","7","2","7","2","6",""